UDI,Product ID,Type,Air temperature [K],Process temperature [K],Rotational speed [rpm],Torque [Nm],Tool wear [min],Target,Failure Type,DBSCAN_Cluster
15,L47194,L,298.6,309.2,2035,19.6,40,0,No Failure,-1
51,L47230,L,298.9,309.1,2861,4.6,143,1,Power Failure,-1
63,L47242,L,298.8,309.0,1829,22.9,172,0,No Failure,-1
70,L47249,L,298.9,309.0,1410,65.7,191,1,Power Failure,-1
71,M14930,M,298.9,309.0,1924,22.6,193,0,No Failure,-1
101,L47280,L,298.8,308.9,1852,25.0,57,0,No Failure,-1
102,L47281,L,298.8,308.8,1991,20.7,59,0,No Failure,-1
127,L47306,L,299.0,308.6,1329,60.5,120,0,No Failure,-1
140,L47319,L,298.8,308.6,1268,55.8,155,0,No Failure,-1
154,L47333,L,298.4,308.2,1850,27.0,194,0,No Failure,-1
156,H29569,H,298.4,308.2,1987,19.8,198,0,No Failure,-1
161,L47340,L,298.4,308.2,1282,60.7,216,1,Overstrain Failure,-1
169,L47348,L,298.4,308.3,1433,62.3,20,1,Power Failure,-1
173,M15032,M,298.1,308.0,1924,20.8,29,0,No Failure,-1
178,L47357,L,298.2,308.2,1988,21.4,41,0,No Failure,-1
195,M15054,M,298.2,308.5,2678,10.7,86,1,Power Failure,-1
208,M15067,M,298.4,308.7,1421,60.7,119,1,Power Failure,-1
260,M15119,M,298.1,308.2,1420,63.9,19,1,Power Failure,-1
268,L47447,L,297.9,308.0,1954,21.1,42,0,No Failure,-1
285,L47464,L,298.2,308.3,2051,19.2,90,0,No Failure,-1
299,H29712,H,297.9,308.5,2129,18.7,126,0,No Failure,-1
306,L47485,L,297.8,308.4,2129,19.2,148,0,No Failure,-1
337,M15196,M,297.6,308.2,1995,20.5,10,0,No Failure,-1
345,M15204,M,297.5,308.2,2448,13.8,29,0,No Failure,-1
381,L47560,L,297.5,308.3,2564,12.8,127,1,Power Failure,-1
388,L47567,L,297.7,308.7,1249,60.4,143,0,No Failure,-1
401,L47580,L,297.4,308.5,2100,16.9,176,0,No Failure,-1
419,L47598,L,297.4,308.4,2151,17.7,0,0,No Failure,-1
421,M15280,M,297.3,308.3,1301,39.6,5,0,No Failure,-1
430,L47609,L,297.5,308.6,1208,62.3,28,0,No Failure,-1
464,L47643,L,297.4,308.7,2874,4.2,118,1,Power Failure,-1
468,L47647,L,297.2,308.5,2182,16.5,127,0,No Failure,-1
509,L47688,L,297.7,309.3,1893,24.6,15,0,No Failure,-1
519,L47698,L,297.6,309.5,1924,20.6,37,0,No Failure,-1
520,M15379,M,297.7,309.5,2027,19.8,39,0,No Failure,-1
531,M15390,M,297.6,309.5,1709,32.2,65,0,No Failure,-1
542,L47721,L,297.4,309.4,1296,52.3,96,0,No Failure,-1
545,M15404,M,297.5,309.4,1831,26.6,105,0,No Failure,-1
546,L47725,L,297.6,309.4,1958,22.1,108,0,No Failure,-1
552,L47731,L,297.4,309.2,1274,54.3,121,0,No Failure,-1
569,L47748,L,297.8,309.7,1935,22.1,171,0,No Failure,-1
573,L47752,L,297.8,309.9,1351,49.0,181,0,No Failure,-1
576,M15435,M,297.9,309.9,1410,55.4,188,0,No Failure,-1
577,H29990,H,297.7,309.7,1440,51.1,191,0,No Failure,-1
580,M15439,M,297.8,309.7,1700,31.3,200,0,No Failure,-1
581,M15440,M,297.8,309.8,1798,25.5,203,0,No Failure,-1
584,H29997,H,297.7,309.6,1697,32.2,210,0,No Failure,-1
585,H29998,H,297.6,309.6,1419,48.2,215,0,No Failure,-1
586,L47765,L,297.6,309.5,2001,20.5,220,0,No Failure,-1
587,L47766,L,297.6,309.6,1501,49.8,222,1,Overstrain Failure,-1
588,H30001,H,297.6,309.5,1623,33.1,224,0,No Failure,-1
589,L47768,L,297.6,309.4,1628,33.4,229,0,No Failure,-1
591,L47770,L,297.5,309.4,1517,36.7,233,0,No Failure,-1
593,H30006,H,297.5,309.5,1668,27.9,240,0,No Failure,-1
594,L47773,L,297.5,309.6,1312,50.7,0,0,No Failure,-1
595,H30008,H,297.6,309.6,1278,50.4,2,0,No Failure,-1
602,L47781,L,297.9,309.7,2194,16.8,27,0,No Failure,-1
603,L47782,L,297.9,309.8,2000,21.3,29,0,No Failure,-1
604,L47783,L,297.9,309.8,1336,71.6,31,1,Power Failure,-1
624,L47803,L,298.4,310.1,1926,23.7,83,0,No Failure,-1
636,L47815,L,298.3,310.0,1858,23.9,114,0,No Failure,-1
643,M15502,M,297.8,309.4,1226,58.7,129,0,No Failure,-1
654,L47833,L,297.8,309.3,2015,20.1,161,0,No Failure,-1
733,L47912,L,297.2,308.6,1924,22.1,163,0,No Failure,-1
747,L47926,L,296.8,308.1,1289,62.0,199,1,Overstrain Failure,-1
750,L47929,L,296.6,308.0,1978,22.3,208,0,No Failure,-1
752,M15611,M,296.8,308.1,1843,24.2,212,0,No Failure,-1
762,L47941,L,296.7,307.8,1646,34.6,238,0,No Failure,-1
763,M15622,M,296.7,307.8,1286,60.5,0,0,No Failure,-1
772,H30185,H,296.8,308.0,1311,58.6,19,0,No Failure,-1
797,M15656,M,296.9,307.9,2010,18.9,86,0,No Failure,-1
802,L47981,L,296.9,307.8,1285,52.1,100,0,No Failure,-1
808,L47987,L,297.0,307.7,1867,22.8,118,0,No Failure,-1
840,M15699,M,296.5,307.4,1565,43.5,194,0,No Failure,-1
847,M15706,M,296.4,307.4,1416,50.0,210,0,No Failure,-1
848,L48027,L,296.4,307.4,2833,5.6,213,1,Power Failure,-1
850,H30263,H,296.4,307.4,1586,35.5,0,0,No Failure,-1
851,L48030,L,296.3,307.3,1567,31.4,5,0,No Failure,-1
856,L48035,L,296.1,307.2,1615,30.8,18,0,No Failure,-1
857,L48036,L,296.1,307.1,1898,22.7,20,0,No Failure,-1
858,M15717,M,296.1,307.1,1350,53.3,22,0,No Failure,-1
862,M15721,M,296.1,306.9,1951,23.3,38,0,No Failure,-1
863,H30276,H,296.1,306.8,1645,31.0,41,0,No Failure,-1
865,M15724,M,296.0,306.7,2044,22.3,48,0,No Failure,-1
866,L48045,L,295.9,306.6,1414,50.2,51,0,No Failure,-1
867,L48046,L,295.9,306.6,1678,26.7,53,0,No Failure,-1
868,H30281,H,295.9,306.5,1594,33.2,55,0,No Failure,-1
869,M15728,M,295.8,306.5,1514,37.7,60,0,No Failure,-1
870,L48049,L,295.8,306.5,1358,49.2,63,0,No Failure,-1
871,L48050,L,295.8,306.4,1325,56.2,65,0,No Failure,-1
872,L48051,L,295.8,306.4,1339,53.2,67,0,No Failure,-1
873,M15732,M,295.8,306.4,1335,51.7,69,0,No Failure,-1
874,L48053,L,295.9,306.4,1892,21.7,72,0,No Failure,-1
875,L48054,L,295.9,306.4,1575,28.5,74,0,No Failure,-1
877,L48056,L,295.7,306.3,1915,22.4,79,0,No Failure,-1
878,M15737,M,295.6,306.2,1584,33.6,81,0,No Failure,-1
879,M15738,M,295.7,306.3,1685,34.9,84,0,No Failure,-1
880,L48059,L,295.8,306.3,1337,54.6,87,0,No Failure,-1
881,M15740,M,295.8,306.3,1235,76.2,89,1,Power Failure,-1
882,L48061,L,295.7,306.2,1464,46.2,92,0,No Failure,-1
883,M15742,M,295.7,306.2,1739,25.9,94,0,No Failure,-1
884,L48063,L,295.7,306.3,1490,34.3,97,0,No Failure,-1
885,L48064,L,295.8,306.4,1356,48.0,99,0,No Failure,-1
886,L48065,L,295.7,306.2,1397,52.0,101,0,No Failure,-1
887,L48066,L,295.7,306.2,1458,40.6,103,0,No Failure,-1
888,H30301,H,295.7,306.2,2161,16.5,105,0,No Failure,-1
889,M15748,M,295.6,306.1,1651,28.1,110,0,No Failure,-1
890,L48069,L,295.6,306.1,1389,46.2,113,0,No Failure,-1
891,L48070,L,295.6,306.0,1370,52.4,115,0,No Failure,-1
892,L48071,L,295.7,306.1,1408,47.9,117,0,No Failure,-1
893,L48072,L,295.7,306.1,1343,54.4,119,0,No Failure,-1
894,M15753,M,295.7,306.2,1423,42.5,121,0,No Failure,-1
895,L48074,L,295.6,306.2,1426,48.6,124,0,No Failure,-1
896,M15755,M,295.6,306.2,1435,51.6,126,0,No Failure,-1
897,L48076,L,295.5,306.1,1573,35.1,129,0,No Failure,-1
898,L48077,L,295.6,306.2,1612,31.2,131,0,No Failure,-1
899,L48078,L,295.6,306.2,1446,49.9,133,0,No Failure,-1
900,H30313,H,295.6,306.2,1329,55.3,135,0,No Failure,-1
901,L48080,L,295.6,306.2,1569,35.1,140,0,No Failure,-1
902,H30315,H,295.6,306.1,1256,62.3,142,0,No Failure,-1
903,L48082,L,295.6,306.1,1383,48.7,147,0,No Failure,-1
904,L48083,L,295.7,306.2,2270,14.6,149,1,Power Failure,-1
905,H30318,H,295.7,306.2,1458,49.8,151,0,No Failure,-1
906,L48085,L,295.6,306.1,1474,41.2,156,0,No Failure,-1
907,M15766,M,295.6,306.1,1462,49.2,158,0,No Failure,-1
908,M15767,M,295.6,306.1,1669,29.0,161,0,No Failure,-1
909,M15768,M,295.5,306.1,1822,24.3,164,0,No Failure,-1
910,L48089,L,295.5,306.0,1456,39.2,167,0,No Failure,-1
911,L48090,L,295.5,306.0,1546,35.9,169,0,No Failure,-1
912,M15771,M,295.6,306.1,1490,42.7,171,0,No Failure,-1
913,L48092,L,295.6,306.0,1569,40.4,174,0,No Failure,-1
914,L48093,L,295.5,306.0,1621,29.5,176,0,No Failure,-1
915,M15774,M,295.4,305.9,1518,40.6,178,0,No Failure,-1
916,M15775,M,295.4,305.8,1526,38.2,181,0,No Failure,-1
917,M15776,M,295.3,305.8,1589,36.2,184,0,No Failure,-1
918,L48097,L,295.3,305.7,1475,51.0,187,0,No Failure,-1
919,M15778,M,295.3,305.7,1473,38.5,189,0,No Failure,-1
920,L48099,L,295.4,305.8,1407,50.7,192,0,No Failure,-1
921,M15780,M,295.5,305.9,1518,44.1,194,0,No Failure,-1
922,H30335,H,295.5,305.9,1593,37.2,197,0,No Failure,-1
923,M15782,M,295.5,305.9,1380,52.4,202,0,No Failure,-1
924,M15783,M,295.5,306.0,1423,45.3,205,0,No Failure,-1
925,L48104,L,295.5,306.0,1800,27.6,208,0,No Failure,-1
926,H30339,H,295.6,306.1,1623,30.9,210,0,No Failure,-1
927,L48106,L,295.6,306.1,1372,55.6,215,1,Overstrain Failure,-1
928,H30341,H,295.6,306.0,1396,52.4,0,0,No Failure,-1
929,L48108,L,295.6,306.0,1949,21.9,5,0,No Failure,-1
930,L48109,L,295.6,306.0,1419,51.1,7,0,No Failure,-1
931,M15790,M,295.5,305.9,1453,47.3,9,0,No Failure,-1
932,L48111,L,295.5,305.9,1542,36.2,12,0,No Failure,-1
933,L48112,L,295.6,306.0,1363,50.0,14,0,No Failure,-1
934,L48113,L,295.5,306.0,1597,37.2,16,0,No Failure,-1
935,M15794,M,295.5,306.0,1326,50.8,18,0,No Failure,-1
936,M15795,M,295.5,306.0,1641,36.6,21,0,No Failure,-1
938,L48117,L,295.6,306.2,1263,61.8,27,0,No Failure,-1
939,L48118,L,295.6,306.2,1823,25.8,29,0,No Failure,-1
940,L48119,L,295.5,306.1,1488,40.7,31,0,No Failure,-1
942,L48121,L,295.6,306.2,1650,28.2,35,0,No Failure,-1
945,M15804,M,295.7,306.3,1712,28.5,43,0,No Failure,-1
946,M15805,M,295.7,306.3,1347,50.4,46,0,No Failure,-1
947,L48126,L,295.6,306.2,1287,54.8,49,0,No Failure,-1
950,L48129,L,295.6,306.3,1636,32.7,56,0,No Failure,-1
952,H30365,H,295.6,306.3,1509,35.8,60,0,No Failure,-1
954,L48133,L,295.5,306.1,1650,32.8,67,0,No Failure,-1
956,L48135,L,295.6,306.3,1911,20.9,74,0,No Failure,-1
957,H30370,H,295.6,306.2,1632,32.2,76,0,No Failure,-1
958,M15817,M,295.7,306.4,1387,40.1,81,0,No Failure,-1
959,L48138,L,295.8,306.4,1399,47.6,84,0,No Failure,-1
960,L48139,L,295.8,306.5,1505,35.2,86,0,No Failure,-1
961,L48140,L,295.8,306.5,1534,37.9,88,0,No Failure,-1
962,L48141,L,295.8,306.5,1493,40.5,90,0,No Failure,-1
963,M15822,M,295.8,306.6,1480,43.2,92,0,No Failure,-1
964,L48143,L,295.8,306.6,1621,31.6,95,0,No Failure,-1
965,L48144,L,295.7,306.5,1737,26.2,97,0,No Failure,-1
966,L48145,L,295.8,306.6,1508,46.5,99,0,No Failure,-1
967,M15826,M,295.8,306.5,1641,32.2,101,0,No Failure,-1
968,M15827,M,295.9,306.6,1532,38.6,104,0,No Failure,-1
969,L48148,L,295.9,306.7,1547,40.9,107,0,No Failure,-1
970,L48149,L,295.9,306.6,1412,41.0,109,0,No Failure,-1
971,L48150,L,295.8,306.5,1568,35.1,111,0,No Failure,-1
972,L48151,L,295.9,306.6,1557,41.1,113,0,No Failure,-1
973,L48152,L,295.8,306.6,1644,35.2,115,0,No Failure,-1
974,L48153,L,295.9,306.6,1679,30.4,117,0,No Failure,-1
975,L48154,L,296.0,306.6,1511,35.2,119,0,No Failure,-1
976,M15835,M,296.0,306.6,1628,36.8,121,0,No Failure,-1
977,M15836,M,296.0,306.6,1392,51.3,124,0,No Failure,-1
978,L48157,L,296.0,306.7,1917,21.0,127,0,No Failure,-1
979,M15838,M,296.2,306.8,1526,42.3,129,0,No Failure,-1
980,L48159,L,296.2,306.8,1389,53.3,132,0,No Failure,-1
981,L48160,L,296.1,306.7,1409,42.8,134,0,No Failure,-1
982,L48161,L,296.2,306.8,1655,31.1,136,0,No Failure,-1
984,L48163,L,296.2,306.9,1526,34.9,140,0,No Failure,-1
986,L48165,L,296.4,307.2,1748,25.3,144,0,No Failure,-1
987,H30400,H,296.4,307.1,1638,32.5,146,0,No Failure,-1
989,H30402,H,296.3,307.1,1774,25.9,154,0,No Failure,-1
990,M15849,M,296.2,307.0,2119,18.3,159,0,No Failure,-1
991,L48170,L,296.2,307.0,1414,48.3,162,0,No Failure,-1
995,M15854,M,296.2,307.2,1168,63.4,172,0,No Failure,-1
997,M15856,M,296.3,307.2,1286,51.1,177,0,No Failure,-1
999,M15858,M,296.4,307.2,2071,19.4,183,0,No Failure,-1
1001,L48180,L,296.3,307.1,1654,29.6,188,0,No Failure,-1
1002,L48181,L,296.3,307.1,1662,32.9,190,0,No Failure,-1
1003,L48182,L,296.3,307.2,1646,35.0,192,0,No Failure,-1
1006,L48185,L,296.2,307.2,1382,52.0,201,0,No Failure,-1
1007,L48186,L,296.2,307.1,1413,53.4,203,0,No Failure,-1
1008,M15867,M,296.2,307.2,1633,31.1,0,0,No Failure,-1
1011,M15870,M,296.2,307.2,1552,34.8,8,0,No Failure,-1
1014,M15873,M,296.1,307.2,1619,29.7,17,0,No Failure,-1
1016,L48195,L,296.2,307.2,1356,43.6,22,0,No Failure,-1
1017,M15876,M,296.3,307.2,1319,68.3,24,1,Power Failure,-1
1018,L48197,L,296.3,307.2,1637,31.6,27,0,No Failure,-1
1019,L48198,L,296.3,307.2,1291,58.6,29,0,No Failure,-1
1020,L48199,L,296.3,307.3,1398,52.7,31,0,No Failure,-1
1021,L48200,L,296.3,307.3,1372,57.7,33,0,No Failure,-1
1024,L48203,L,296.2,307.3,1881,24.3,40,0,No Failure,-1
1025,L48204,L,296.2,307.3,1711,29.9,42,0,No Failure,-1
1028,M15887,M,296.3,307.4,1335,50.5,48,0,No Failure,-1
1035,M15894,M,296.3,307.4,1958,19.1,67,0,No Failure,-1
1042,L48221,L,296.6,307.6,1809,25.1,86,0,No Failure,-1
1047,L48226,L,296.4,307.5,1331,47.8,99,0,No Failure,-1
1053,L48232,L,296.7,307.7,1927,23.9,112,0,No Failure,-1
1060,M15919,M,296.7,307.9,1874,21.3,130,0,No Failure,-1
1070,M15929,M,296.9,307.8,1840,24.6,157,0,No Failure,-1
1090,M15949,M,296.9,307.7,2008,17.5,3,0,No Failure,-1
1096,L48275,L,296.9,307.5,2721,9.3,18,1,Power Failure,-1
1103,L48282,L,296.8,307.5,1347,54.8,43,0,No Failure,-1
1105,L48284,L,296.6,307.4,1389,42.7,48,0,No Failure,-1
1111,L48290,L,296.5,307.4,1292,52.5,62,0,No Failure,-1
1113,M15972,M,296.5,307.4,1350,55.6,69,0,No Failure,-1
1114,M15973,M,296.6,307.4,1790,25.8,72,0,No Failure,-1
1116,M15975,M,296.4,307.3,2077,19.1,80,0,No Failure,-1
1120,L48299,L,296.5,307.5,1340,59.1,89,0,No Failure,-1
1124,H30537,H,296.6,307.7,1386,62.3,100,1,Power Failure,-1
1125,M15984,M,296.7,307.8,1258,69.0,105,1,Power Failure,-1
1133,L48312,L,296.8,307.9,1271,61.4,125,0,No Failure,-1
1145,L48324,L,297.0,307.9,1296,69.1,153,1,Power Failure,-1
1156,H30569,H,297.0,307.9,1846,27.3,179,0,No Failure,-1
1161,H30574,H,297.0,307.7,1834,23.8,195,0,No Failure,-1
1171,M16030,M,297.1,308.1,1823,24.3,219,0,No Failure,-1
1179,L48358,L,297.3,308.5,1398,60.4,12,0,No Failure,-1
1200,M16059,M,296.9,307.9,1979,20.4,68,0,No Failure,-1
1202,L48381,L,296.9,308.0,1658,41.0,74,0,No Failure,-1
1210,H30623,H,297.0,308.1,2540,13.3,98,0,No Failure,-1
1231,M16090,M,297.1,308.4,1880,23.5,155,0,No Failure,-1
1235,H30648,H,297.2,308.5,2440,14.0,166,0,No Failure,-1
1265,M16124,M,297.8,309.3,2243,15.7,36,0,No Failure,-1
1271,M16130,M,298.0,309.4,1276,65.9,50,0,No Failure,-1
1285,L48464,L,298.4,309.5,2153,15.3,98,1,Power Failure,-1
1305,L48484,L,298.8,310.0,2098,19.6,148,0,No Failure,-1
1320,L48499,L,299.0,310.3,1929,24.4,180,0,No Failure,-1
1325,M16184,M,298.8,310.1,1243,74.5,194,1,Power Failure,-1
1328,L48507,L,298.8,310.2,1814,26.8,204,0,No Failure,-1
1332,H30745,H,298.9,310.2,1771,26.8,216,0,No Failure,-1
1333,L48512,L,299.0,310.3,1868,24.0,221,0,No Failure,-1
1335,L48514,L,299.0,310.4,1365,49.1,226,1,Overstrain Failure,-1
1336,L48515,L,299.0,310.4,1371,53.8,228,1,Overstrain Failure,-1
1345,L48524,L,298.5,310.1,1809,28.9,20,0,No Failure,-1
1388,L48567,L,298.9,310.1,1823,26.1,131,0,No Failure,-1
1392,L48571,L,298.9,310.2,2737,8.8,142,1,Power Failure,-1
1401,H30814,H,298.9,310.1,1366,62.7,161,0,No Failure,-1
1412,L48591,L,298.9,310.1,1944,23.4,192,0,No Failure,-1
1417,M16276,M,298.7,309.9,2083,18.2,205,0,No Failure,-1
1419,L48598,L,298.8,309.9,1320,47.4,210,0,No Failure,-1
1452,L48631,L,298.9,310.4,1831,25.4,81,0,No Failure,-1
1481,M16340,M,298.2,309.3,2056,18.7,144,0,No Failure,-1
1482,M16341,M,298.2,309.2,1332,60.2,147,0,No Failure,-1
1486,M16345,M,298.1,309.0,1976,19.3,158,0,No Failure,-1
1493,M16352,M,298.0,308.7,1479,58.5,176,1,Power Failure,-1
1497,L48676,L,298.0,308.7,1268,69.4,189,1,Power Failure,-1
1500,M16359,M,298.1,308.8,2206,16.3,195,0,No Failure,-1
1501,M16360,M,298.0,308.7,2101,17.4,198,0,No Failure,-1
1526,L48705,L,298.2,309.0,2449,13.8,45,0,No Failure,-1
1542,L48721,L,298.4,309.0,2304,15.1,89,0,No Failure,-1
1563,L48742,L,298.2,308.3,2216,16.8,139,0,No Failure,-1
1565,M16424,M,298.0,308.2,2090,19.0,143,0,No Failure,-1
1573,L48752,L,298.2,308.3,1230,59.6,162,0,No Failure,-1
1576,L48755,L,298.2,308.3,2057,18.0,168,0,No Failure,-1
1597,L48776,L,298.0,308.1,1877,24.3,0,0,No Failure,-1
1614,L48793,L,297.9,308.0,1296,62.9,41,0,No Failure,-1
1622,L48801,L,297.7,307.6,1844,21.9,61,0,No Failure,-1
1624,L48803,L,297.7,307.6,1921,22.9,68,0,No Failure,-1
1655,L48834,L,298.2,308.1,1379,62.3,149,0,No Failure,-1
1680,L48859,L,298.0,307.5,1792,27.9,217,0,No Failure,-1
1682,M16541,M,297.8,307.3,1804,26.0,222,0,No Failure,-1
1684,M16543,M,297.9,307.4,1403,52.8,0,0,No Failure,-1
1686,L48865,L,297.9,307.3,1824,26.3,5,0,No Failure,-1
1723,M16582,M,298.2,307.7,1952,21.6,93,0,No Failure,-1
1724,L48903,L,298.2,307.8,2029,19.9,96,0,No Failure,-1
1727,L48906,L,298.3,307.8,1906,22.1,104,0,No Failure,-1
1739,H31152,H,298.4,307.9,1948,21.4,136,0,No Failure,-1
1740,H31153,H,298.5,307.9,1260,54.2,141,0,No Failure,-1
1748,L48927,L,298.4,307.9,2381,14.2,164,0,No Failure,-1
1752,L48931,L,298.3,307.6,1942,20.6,176,0,No Failure,-1
1757,M16616,M,298.1,307.4,1363,60.1,187,0,No Failure,-1
1758,M16617,M,298.1,307.4,1335,56.2,190,0,No Failure,-1
1762,L48941,L,298.1,307.6,1950,20.3,202,0,No Failure,-1
1765,H31178,H,298.2,307.6,1318,55.7,0,0,No Failure,-1
1766,L48945,L,298.2,307.6,1368,51.8,5,0,No Failure,-1
1770,L48949,L,298.4,307.9,1981,23.2,16,0,No Failure,-1
1785,L48964,L,298.3,308.0,2886,3.8,57,1,Power Failure,-1
1790,L48969,L,298.2,307.9,1313,67.3,67,1,Power Failure,-1
1809,L48988,L,298.1,307.7,2567,12.8,125,1,Power Failure,-1
1820,M16679,M,298.1,307.6,2066,19.2,150,0,No Failure,-1
1830,L49009,L,297.8,307.2,1880,23.0,176,0,No Failure,-1
1831,L49010,L,297.8,307.3,1859,24.0,178,0,No Failure,-1
1834,L49013,L,297.8,307.3,1327,61.0,186,1,Overstrain Failure,-1
1840,L49019,L,297.7,307.1,1715,30.2,0,0,No Failure,-1
1843,H31256,H,297.7,307.1,1855,22.5,7,0,No Failure,-1
1851,M16710,M,297.7,307.2,1372,52.8,33,0,No Failure,-1
1856,H31269,H,297.7,307.3,1249,62.8,47,0,No Failure,-1
1872,L49051,L,298.3,308.1,1840,21.5,88,0,No Failure,-1
1877,L49056,L,298.3,308.0,1242,62.0,98,0,No Failure,-1
1889,M16748,M,297.8,307.4,1902,24.3,129,0,No Failure,-1
1895,H31308,H,297.9,307.5,1880,23.3,146,0,No Failure,-1
1904,L49083,L,297.9,307.6,1968,20.4,171,0,No Failure,-1
1909,L49088,L,297.9,307.6,1977,20.2,182,0,No Failure,-1
1921,L49100,L,298.1,307.9,2161,17.5,5,0,No Failure,-1
1932,M16791,M,298.2,308.0,1969,21.7,32,0,No Failure,-1
1937,M16796,M,298.1,308.0,2129,18.4,45,0,No Failure,-1
1952,L49131,L,298.0,307.8,1839,22.7,79,0,No Failure,-1
1969,L49148,L,298.0,307.6,1281,50.8,122,0,No Failure,-1
1971,M16830,M,297.9,307.6,1202,67.0,129,0,No Failure,-1
1990,L49169,L,298.2,307.9,1785,23.4,181,0,No Failure,-1
1998,L49177,L,298.3,308.1,1672,41.3,0,0,No Failure,-1
2001,L49180,L,298.4,308.1,1279,53.1,9,0,No Failure,-1
2016,L49195,L,298.5,308.2,1301,66.3,42,1,Power Failure,-1
2032,L49211,L,298.8,308.6,1331,62.8,81,0,No Failure,-1
2072,M16931,M,299.7,309.6,1313,60.0,186,0,No Failure,-1
2076,L49255,L,299.5,309.4,1390,58.8,195,1,Overstrain Failure,-1
2081,L49260,L,299.3,309.2,2280,15.4,207,0,No Failure,-1
2084,H31497,H,299.4,309.3,1743,28.2,0,0,No Failure,-1
2090,L49269,L,299.5,309.3,1941,22.5,18,0,No Failure,-1
2099,L49278,L,299.4,309.3,1401,59.0,38,0,No Failure,-1
2103,L49282,L,299.3,309.3,1325,62.0,47,0,No Failure,-1
2126,L49305,L,299.3,308.9,1258,69.4,119,1,Power Failure,-1
2143,L49322,L,299.3,308.9,1376,60.3,163,0,No Failure,-1
2158,M17017,M,299.4,309.0,1939,19.8,204,0,No Failure,-1
2167,M17026,M,299.6,309.2,1867,23.4,225,1,Tool Wear Failure,-1
2183,M17042,M,299.5,309.2,1314,61.8,45,0,No Failure,-1
2200,M17059,M,299.8,309.1,1268,58.0,90,0,No Failure,-1
2212,M17071,M,299.6,309.0,1245,64.0,120,0,No Failure,-1
2228,L49407,L,299.5,308.8,1965,20.4,164,0,No Failure,-1
2234,L49413,L,299.5,308.7,2549,13.0,179,1,Power Failure,-1
2258,L49437,L,299.1,308.3,1892,25.2,34,0,No Failure,-1
2267,L49446,L,299.2,308.5,1381,60.6,59,0,No Failure,-1
2272,L49451,L,299.2,308.5,1821,26.1,69,0,No Failure,-1
2287,M17146,M,299.4,308.7,1289,60.5,104,0,No Failure,-1
2300,L49479,L,299.4,308.7,1446,62.9,134,1,Power Failure,-1
2307,L49486,L,299.1,308.6,1260,57.8,152,0,No Failure,-1
2338,L49517,L,299.2,308.4,1877,23.9,4,0,No Failure,-1
2381,L49560,L,299.0,308.1,1242,60.9,117,0,No Failure,-1
2405,M17264,M,299.1,308.7,2008,20.3,178,0,No Failure,-1
2414,L49593,L,299.0,308.5,1886,23.0,198,0,No Failure,-1
2422,L49601,L,298.9,308.2,2384,15.0,19,0,No Failure,-1
2424,M17283,M,298.9,308.2,2022,20.0,23,0,No Failure,-1
2427,M17286,M,298.9,308.2,1372,63.6,30,1,Power Failure,-1
2445,L49624,L,299.2,308.6,1267,68.2,76,1,Power Failure,-1
2453,M17312,M,299.1,308.6,2329,14.6,95,0,No Failure,-1
2463,L49642,L,298.9,308.5,1742,34.5,117,0,No Failure,-1
2493,H31906,H,299.0,308.8,1382,58.5,199,0,No Failure,-1
2515,L49694,L,298.9,308.6,2069,18.7,27,0,No Failure,-1
2561,M17420,M,299.4,309.1,1326,62.0,142,0,No Failure,-1
2570,H31983,H,299.5,309.2,1872,22.6,162,0,No Failure,-1
2575,L49754,L,299.5,309.3,1972,19.3,177,0,No Failure,-1
2582,L49761,L,299.2,309.1,1345,60.7,191,1,Overstrain Failure,-1
2588,L49767,L,299.0,308.7,2248,16.8,204,0,No Failure,-1
2590,L49769,L,299.0,308.7,2250,16.6,208,0,No Failure,-1
2599,L49778,L,299.1,308.8,1320,67.5,20,1,Power Failure,-1
2612,L49791,L,299.4,309.1,1957,22.1,55,0,No Failure,-1
2613,L49792,L,299.4,309.1,2421,14.2,57,0,No Failure,-1
2617,L49796,L,299.4,309.1,1207,66.5,66,0,No Failure,-1
2624,M17483,M,299.6,309.4,1283,62.1,83,0,No Failure,-1
2637,L49816,L,299.9,309.6,1254,61.3,124,0,No Failure,-1
2651,L49830,L,299.9,309.6,1280,59.3,163,0,No Failure,-1
2652,L49831,L,299.9,309.5,2008,20.4,165,0,No Failure,-1
2666,L49845,L,299.8,309.4,2256,15.9,201,0,No Failure,-1
2699,L49878,L,300.0,309.4,2010,20.0,55,0,No Failure,-1
2700,L49879,L,299.9,309.4,1363,60.9,57,0,No Failure,-1
2704,M17563,M,299.8,309.2,1372,58.2,65,0,No Failure,-1
2706,L49885,L,299.7,309.2,1326,64.8,71,0,No Failure,-1
2709,L49888,L,299.6,309.1,2266,15.3,79,0,No Failure,-1
2753,M17612,M,299.7,309.1,1851,24.7,189,0,No Failure,-1
2762,L49941,L,299.8,309.3,1299,65.1,212,1,Overstrain Failure,-1
2766,M17625,M,299.9,309.4,1399,54.8,3,0,No Failure,-1
2776,L49955,L,300.1,309.4,1560,47.7,26,0,No Failure,-1
2782,L49961,L,300.2,309.5,2183,17.8,39,0,No Failure,-1
2814,L49993,L,300.0,309.3,1887,22.6,120,0,No Failure,-1
2824,M17683,M,300.3,309.5,1320,62.2,142,0,No Failure,-1
2829,M17688,M,300.4,309.4,1875,23.9,155,0,No Failure,-1
2849,M17708,M,300.3,309.3,1391,57.9,204,0,No Failure,-1
2860,L50039,L,300.6,309.4,1549,43.4,233,0,No Failure,-1
2863,L50042,L,300.6,309.5,1867,23.0,242,0,No Failure,-1
2865,H32278,H,300.6,309.4,1380,47.6,246,1,Tool Wear Failure,-1
2867,L50046,L,300.8,309.7,1997,20.7,5,0,No Failure,-1
2880,M17739,M,300.6,309.4,1367,63.2,45,1,Power Failure,-1
2905,L50084,L,300.6,309.4,2496,13.5,111,0,No Failure,-1
2909,L50088,L,300.7,309.5,1251,59.9,120,0,No Failure,-1
2915,H32328,H,300.6,309.6,1888,20.5,133,0,No Failure,-1
2916,L50095,L,300.5,309.5,1255,62.1,138,0,No Failure,-1
2938,L50117,L,300.7,309.6,1810,26.0,195,0,No Failure,-1
2941,L50120,L,300.9,309.7,2355,14.4,201,0,No Failure,-1
2942,M17801,M,300.7,309.6,1996,19.8,203,1,Tool Wear Failure,-1
2944,H32357,H,300.7,309.5,2007,19.7,2,0,No Failure,-1
2946,H32359,H,300.7,309.6,1925,20.5,9,0,No Failure,-1
2966,M17825,M,300.7,309.5,1838,24.9,66,0,No Failure,-1
2977,M17836,M,300.5,309.3,1881,25.5,98,0,No Failure,-1
2998,L50177,L,300.5,309.8,1345,62.7,153,0,No Failure,-1
3000,L50179,L,300.5,309.7,1395,61.0,157,0,No Failure,-1
3001,H32414,H,300.5,309.8,1324,72.8,159,1,Power Failure,-1
3027,M17886,M,300.4,309.5,1888,21.9,221,0,No Failure,-1
3028,L50207,L,300.5,309.5,1777,23.6,0,0,No Failure,-1
3029,L50208,L,300.5,309.5,1379,55.6,2,0,No Failure,-1
3030,L50209,L,300.4,309.5,1525,51.3,4,0,No Failure,-1
3034,M17893,M,300.6,309.7,1934,22.8,15,0,No Failure,-1
3045,L50224,L,300.2,309.4,1981,21.4,44,0,No Failure,-1
3072,L50251,L,300.0,309.0,2174,16.9,112,0,No Failure,-1
3082,M17941,M,300.0,309.3,1932,21.8,135,0,No Failure,-1
3093,M17952,M,300.0,309.3,2293,16.3,170,0,No Failure,-1
3095,L50274,L,300.0,309.3,1972,22.0,175,0,No Failure,-1
3112,L50291,L,300.0,309.2,1759,27.9,5,0,No Failure,-1
3113,M17972,M,299.8,309.1,1355,56.7,7,0,No Failure,-1
3114,M17973,M,299.9,309.1,1345,56.8,10,0,No Failure,-1
3122,L50301,L,300.1,309.4,2141,17.9,33,0,No Failure,-1
3141,H32554,H,300.4,309.9,2563,12.8,81,1,Power Failure,-1
3162,L50341,L,300.4,309.8,1314,63.1,146,0,No Failure,-1
3192,M18051,M,300.1,309.2,1732,33.7,218,0,No Failure,-1
3216,M18075,M,300.5,309.4,2179,16.3,59,0,No Failure,-1
3218,L50397,L,300.6,309.5,2025,21.4,64,0,No Failure,-1
3236,L50415,L,300.8,309.4,1946,20.5,111,0,No Failure,-1
3237,M18096,M,300.8,309.4,1342,62.4,113,1,Heat Dissipation Failure,-1
3254,L50433,L,301.1,309.6,1502,48.9,160,0,No Failure,-1
3255,M18114,M,301.0,309.7,1288,58.4,162,0,No Failure,-1
3258,L50437,L,301.2,309.9,1984,19.7,169,0,No Failure,-1
3261,M18120,M,301.3,310.0,2068,17.8,176,0,No Failure,-1
3267,L50446,L,301.3,310.1,1269,56.8,195,1,Overstrain Failure,-1
3271,L50450,L,301.4,310.1,1937,21.8,205,0,No Failure,-1
3272,M18131,M,301.4,310.0,1689,32.1,207,0,No Failure,-1
3317,M18176,M,301.4,310.5,1217,60.6,103,0,No Failure,-1
3321,L50500,L,301.5,310.5,2289,16.4,112,0,No Failure,-1
3327,L50506,L,301.5,310.6,1962,20.2,124,0,No Failure,-1
3328,M18187,M,301.5,310.6,2432,14.2,126,0,No Failure,-1
3351,L50530,L,301.4,310.8,1285,62.6,183,1,Overstrain Failure,-1
3369,L50548,L,301.5,310.8,1350,58.5,13,0,No Failure,-1
3370,L50549,L,301.5,310.9,2760,8.0,15,1,Power Failure,-1
3388,M18247,M,301.6,310.8,1290,65.3,63,0,No Failure,-1
3433,M18292,M,301.6,310.7,2012,20.7,178,0,No Failure,-1
3438,L50617,L,301.5,310.5,2297,15.8,191,0,No Failure,-1
3458,M18317,M,301.5,310.4,2639,12.0,21,1,Power Failure,-1
3460,L50639,L,301.5,310.4,1270,54.2,26,0,No Failure,-1
3465,L50644,L,301.7,310.6,1303,59.7,42,0,No Failure,-1
3469,L50648,L,301.8,310.7,2092,18.6,51,0,No Failure,-1
3499,L50678,L,301.9,311.0,1289,54.9,128,0,No Failure,-1
3502,H32915,H,301.9,311.0,1291,63.6,137,0,No Failure,-1
3550,M18409,M,301.8,310.9,1299,60.4,48,0,No Failure,-1
3580,L50759,L,301.8,310.6,2672,11.8,124,1,Power Failure,-1
3585,L50764,L,301.8,310.6,1192,68.9,135,0,No Failure,-1
3590,L50769,L,301.7,310.5,2465,13.7,149,0,No Failure,-1
3643,L50822,L,302.3,311.6,1309,57.6,77,0,No Failure,-1
3647,M18506,M,302.2,311.5,1863,25.7,85,0,No Failure,-1
3676,M18535,M,302.1,311.5,1866,23.1,159,0,No Failure,-1
3685,L50864,L,302.0,311.2,1270,65.3,182,1,Overstrain Failure,-1
3698,L50877,L,302.2,311.2,1928,23.1,2,0,No Failure,-1
3730,M18589,M,302.4,311.3,1312,61.5,85,0,No Failure,-1
3735,M18594,M,302.2,311.2,1873,24.0,99,0,No Failure,-1
3835,M18694,M,302.3,311.1,1295,57.1,146,0,No Failure,-1
3844,L51023,L,302.5,311.2,1227,60.1,167,0,No Failure,-1
3853,L51032,L,302.3,310.9,2034,19.7,190,0,No Failure,-1
3855,L51034,L,302.4,311.0,1338,67.6,194,1,Power Failure,-1
3857,M18716,M,302.4,311.2,1330,58.6,201,0,No Failure,-1
3867,L51046,L,302.6,311.6,1311,53.2,0,0,No Failure,-1
3868,M18727,M,302.7,311.6,2709,9.7,2,1,Power Failure,-1
3875,L51054,L,302.6,311.7,1254,54.1,19,0,No Failure,-1
3907,L51086,L,302.3,311.2,1297,62.5,109,0,No Failure,-1
3921,L51100,L,302.6,311.5,1885,27.5,147,0,No Failure,-1
3929,L51108,L,302.6,311.5,1442,59.8,169,1,Power Failure,-1
3931,M18790,M,302.6,311.6,2041,19.2,174,0,No Failure,-1
3933,L51112,L,302.6,311.6,1953,22.4,180,0,No Failure,-1
3936,M18795,M,302.6,311.6,1227,68.2,187,1,Overstrain Failure,-1
3937,L51116,L,302.5,311.5,1985,18.8,190,0,No Failure,-1
3942,L51121,L,302.2,311.4,1987,19.9,200,0,No Failure,-1
3944,L51123,L,302.3,311.4,1333,66.7,205,1,Power Failure,-1
3955,M18814,M,302.3,311.4,1909,23.2,25,0,No Failure,-1
3982,M18841,M,302.2,311.3,1931,21.9,101,0,No Failure,-1
4003,L51182,L,302.1,311.2,1454,59.2,153,1,Power Failure,-1
4031,L51210,L,302.0,310.8,2143,17.3,227,0,No Failure,-1
4049,L51228,L,301.9,311.0,2691,12.1,31,1,Power Failure,-1
4054,M18913,M,301.9,310.9,2305,16.1,42,0,No Failure,-1
4064,L51243,L,302.0,310.8,1948,19.7,66,0,No Failure,-1
4072,L51251,L,301.9,310.6,1331,68.6,85,1,Power Failure,-1
4080,L51259,L,302.0,310.5,1978,22.0,106,0,No Failure,-1
4091,L51270,L,302.0,310.5,2197,15.8,133,0,No Failure,-1
4131,L51310,L,301.9,310.4,1286,62.8,22,1,Heat Dissipation Failure,-1
4141,L51320,L,301.7,310.2,1331,61.2,47,1,Heat Dissipation Failure,-1
4149,L51328,L,301.9,310.3,1972,21.3,67,0,No Failure,-1
4154,M19013,M,302.0,310.4,1212,55.6,79,1,Heat Dissipation Failure,-1
4159,L51338,L,301.9,310.4,1889,21.5,92,0,No Failure,-1
4202,L51381,L,302.4,311.0,2211,15.4,203,0,No Failure,-1
4213,M19072,M,302.0,310.6,1392,60.5,10,0,No Failure,-1
4216,M19075,M,302.0,310.7,2157,17.8,17,0,No Failure,-1
4221,M19080,M,301.9,310.6,1260,65.9,29,0,No Failure,-1
4229,L51408,L,302.2,310.8,2203,16.6,47,0,No Failure,-1
4255,L51434,L,302.6,311.0,1284,68.0,114,1,Power Failure,-1
4259,M19118,M,302.7,311.1,1297,60.7,125,1,Heat Dissipation Failure,-1
4263,L51442,L,302.6,311.0,2001,20.7,137,0,No Failure,-1
4281,L51460,L,302.1,310.1,1753,28.9,176,0,No Failure,-1
4284,M19143,M,301.8,309.9,1334,61.0,182,1,Heat Dissipation Failure,-1
4290,M19149,M,301.8,310.0,1781,23.9,198,0,No Failure,-1
4292,L51471,L,301.8,310.0,2032,19.0,203,0,No Failure,-1
4293,M19152,M,301.8,310.1,2372,13.9,205,1,Power Failure,-1
4295,M19154,M,301.7,310.1,1743,27.3,210,0,No Failure,-1
4297,L51476,L,301.8,310.2,2825,5.8,215,1,Power Failure,-1
4303,L51482,L,301.7,310.1,2695,12.6,10,0,No Failure,-1
4307,L51486,L,301.6,310.0,1869,22.9,18,0,No Failure,-1
4308,L51487,L,301.4,309.9,1259,63.9,20,1,Heat Dissipation Failure,-1
4336,L51515,L,301.7,309.9,1607,37.7,93,0,No Failure,-1
4340,L51519,L,301.7,309.9,1524,46.6,104,0,No Failure,-1
4343,M19202,M,301.7,309.8,1284,68.2,111,1,Power Failure,-1
4347,L51526,L,301.8,309.7,1598,30.4,124,0,No Failure,-1
4353,L51532,L,301.9,309.7,1424,42.8,140,0,No Failure,-1
4354,M19213,M,302.0,309.7,1386,62.7,142,1,Power Failure,-1
4355,L51534,L,302.0,309.8,1456,58.1,145,0,No Failure,-1
4356,H33769,H,302.0,309.8,1280,57.3,147,1,Heat Dissipation Failure,-1
4370,H33783,H,302.0,309.9,1735,27.2,192,0,No Failure,-1
4376,L51555,L,302.0,309.7,1414,36.3,209,0,No Failure,-1
4379,M19238,M,301.9,309.6,1385,45.8,217,0,No Failure,-1
4380,M19239,M,301.8,309.5,1732,30.1,220,0,No Failure,-1
4381,L51560,L,301.9,309.6,1410,49.0,223,0,No Failure,-1
4382,L51561,L,301.9,309.6,1446,43.2,225,0,No Failure,-1
4383,L51562,L,301.8,309.5,1525,39.6,227,0,No Failure,-1
4384,L51563,L,301.7,309.5,1298,65.5,229,1,Heat Dissipation Failure,-1
4385,L51564,L,301.8,309.6,1443,42.7,231,0,No Failure,-1
4386,L51565,L,301.8,309.7,1442,45.3,233,1,Tool Wear Failure,-1
4387,L51566,L,301.9,309.7,1719,31.9,0,0,No Failure,-1
4389,L51568,L,302.0,309.8,1701,27.2,4,0,No Failure,-1
4407,L51586,L,302.5,310.3,1326,58.5,55,1,Heat Dissipation Failure,-1
4408,L51587,L,302.3,310.2,1394,55.4,57,0,No Failure,-1
4409,L51588,L,302.4,310.1,2009,18.9,59,0,No Failure,-1
4410,M19269,M,302.4,310.1,1358,54.6,61,1,Heat Dissipation Failure,-1
4418,L51597,L,302.6,310.4,1365,66.8,80,1,Power Failure,-1
4420,M19279,M,302.6,310.2,2676,10.8,84,1,Power Failure,-1
4421,H33834,H,302.6,310.2,1873,21.3,87,0,No Failure,-1
4423,M19282,M,302.6,310.2,2157,17.2,94,0,No Failure,-1
4429,L51608,L,302.4,310.1,1906,21.2,110,0,No Failure,-1
4445,L51624,L,302.4,310.2,2224,16.0,154,0,No Failure,-1
4463,L51642,L,302.7,310.5,1263,67.8,197,1,Heat Dissipation Failure,-1
4464,L51643,L,302.8,310.6,2016,19.9,199,0,No Failure,-1
4476,L51655,L,302.7,310.5,1351,41.8,10,1,Heat Dissipation Failure,-1
4480,L51659,L,302.6,310.2,1923,21.5,18,0,No Failure,-1
4481,H33894,H,302.7,310.4,1305,55.2,20,1,Heat Dissipation Failure,-1
4487,M19346,M,302.6,310.5,1965,20.2,40,0,No Failure,-1
4491,L51670,L,302.5,310.4,1967,20.3,50,0,No Failure,-1
4492,H33905,H,302.6,310.4,1409,53.3,52,0,No Failure,-1
4493,M19352,M,302.6,310.5,1420,56.4,57,0,No Failure,-1
4500,H33913,H,302.6,310.3,1721,27.4,79,0,No Failure,-1
4502,L51681,L,302.5,310.2,1307,54.0,86,1,Heat Dissipation Failure,-1
4511,L51690,L,302.4,310.2,1346,62.4,106,1,Heat Dissipation Failure,-1
4523,M19382,M,302.5,310.5,1918,21.6,131,0,No Failure,-1
4553,M19412,M,302.7,310.5,1880,22.7,207,0,No Failure,-1
4556,L51735,L,302.7,310.6,1690,26.7,4,0,No Failure,-1
4558,L51737,L,302.7,310.6,1686,26.3,9,0,No Failure,-1
4561,L51740,L,302.7,310.7,1597,41.9,15,0,No Failure,-1
4563,L51742,L,302.7,310.7,1398,57.7,19,0,No Failure,-1
4564,L51743,L,302.7,310.7,1977,20.0,21,0,No Failure,-1
4566,H33979,H,302.7,310.8,1275,55.0,25,1,Heat Dissipation Failure,-1
4577,M19436,M,302.9,311.1,1926,21.8,58,0,No Failure,-1
4592,H34005,H,302.9,311.2,2102,17.8,91,0,No Failure,-1
4604,H34017,H,302.9,311.0,1452,58.3,123,0,No Failure,-1
4605,L51784,L,302.9,311.0,1820,24.6,128,0,No Failure,-1
4608,L51787,L,303.0,311.1,1980,20.2,137,0,No Failure,-1
4613,L51792,L,303.0,311.3,2194,16.5,148,0,No Failure,-1
4616,L51795,L,303.0,311.3,1793,29.3,157,0,No Failure,-1
4620,H34033,H,303.1,311.3,2056,19.7,167,0,No Failure,-1
4638,M19497,M,303.1,311.3,1847,24.7,212,0,No Failure,-1
4643,L51822,L,303.2,311.4,1238,54.6,226,1,Heat Dissipation Failure,-1
4644,L51823,L,303.2,311.4,1324,54.2,228,1,Heat Dissipation Failure,-1
4646,L51825,L,303.3,311.4,1732,25.6,232,0,No Failure,-1
4648,L51827,L,303.3,311.4,1958,21.5,0,0,No Failure,-1
4650,M19509,M,303.3,311.4,1395,59.1,4,0,No Failure,-1
4656,L51835,L,303.1,311.1,1854,22.6,19,0,No Failure,-1
4665,M19524,M,303.3,311.3,1566,46.1,41,0,No Failure,-1
4666,M19525,M,303.4,311.4,1307,54.0,44,1,Heat Dissipation Failure,-1
4672,L51851,L,303.3,311.4,1511,43.4,65,0,No Failure,-1
4673,L51852,L,303.3,311.5,1412,55.6,67,0,No Failure,-1
4677,L51856,L,303.4,311.5,1879,21.3,78,0,No Failure,-1
4688,L51867,L,303.5,311.6,2183,17.0,110,0,No Failure,-1
4693,M19552,M,303.4,311.4,1606,29.6,122,0,No Failure,-1
4694,M19553,M,303.4,311.5,1817,24.7,125,0,No Failure,-1
4699,L51878,L,303.4,311.6,1564,41.9,137,0,No Failure,-1
4703,L51882,L,303.6,311.8,1222,66.8,148,1,Heat Dissipation Failure,-1
4704,M19563,M,303.6,311.8,1432,42.5,150,0,No Failure,-1
4707,L51886,L,303.5,311.7,1959,22.3,157,0,No Failure,-1
4708,L51887,L,303.5,311.8,1944,23.5,159,0,No Failure,-1
4710,M19569,M,303.4,311.6,1446,50.0,163,0,No Failure,-1
4711,L51890,L,303.4,311.7,1673,32.2,166,0,No Failure,-1
4712,M19571,M,303.4,311.7,1515,44.2,168,0,No Failure,-1
4715,H34128,H,303.4,311.8,1693,28.3,175,0,No Failure,-1
4717,L51896,L,303.4,311.6,1712,30.1,182,0,No Failure,-1
4718,M19577,M,303.4,311.6,1425,45.4,184,0,No Failure,-1
4719,L51898,L,303.3,311.6,1337,56.8,187,1,Heat Dissipation Failure,-1
4721,M19580,M,303.4,311.7,1353,44.1,192,1,Heat Dissipation Failure,-1
4722,L51901,L,303.5,311.8,1927,21.9,195,0,No Failure,-1
4723,M19582,M,303.4,311.8,1391,42.7,197,0,No Failure,-1
4725,L51904,L,303.4,311.9,1771,31.6,202,0,No Failure,-1
4727,M19586,M,303.4,311.8,2133,18.3,207,0,No Failure,-1
4728,M19587,M,303.4,311.8,1341,47.0,210,1,Heat Dissipation Failure,-1
4729,L51908,L,303.4,311.7,1406,47.1,213,0,No Failure,-1
4730,L51909,L,303.4,311.8,1306,61.0,215,1,Heat Dissipation Failure,-1
4732,L51911,L,303.3,311.6,1301,45.1,219,1,Heat Dissipation Failure,-1
4738,M19597,M,303.2,311.5,1336,58.2,2,1,Heat Dissipation Failure,-1
4739,M19598,M,303.2,311.4,2102,19.0,5,0,No Failure,-1
4740,L51919,L,303.2,311.4,1351,53.8,8,1,Heat Dissipation Failure,-1
4755,M19614,M,303.3,311.5,1384,54.8,48,0,No Failure,-1
4756,L51935,L,303.4,311.7,1295,51.3,51,1,Heat Dissipation Failure,-1
4757,H34170,H,303.4,311.7,1991,19.0,53,0,No Failure,-1
4763,M19622,M,303.7,312.0,2663,11.4,71,1,Power Failure,-1
4766,L51945,L,303.7,312.0,1892,22.5,79,0,No Failure,-1
4773,M19632,M,303.6,312.0,1435,37.9,98,0,No Failure,-1
4775,L51954,L,303.6,312.0,1827,23.3,103,0,No Failure,-1
4776,L51955,L,303.5,312.0,1761,25.8,105,0,No Failure,-1
4778,M19637,M,303.5,312.2,1818,23.6,109,0,No Failure,-1
4819,M19678,M,303.6,312.1,1967,20.9,2,0,No Failure,-1
4827,L52006,L,303.4,311.8,2268,15.8,20,0,No Failure,-1
4828,L52007,L,303.4,311.8,1438,58.9,22,0,No Failure,-1
4832,L52011,L,303.5,312.0,1366,54.5,30,1,Heat Dissipation Failure,-1
4834,L52013,L,303.4,311.9,1377,41.6,34,1,Heat Dissipation Failure,-1
4837,L52016,L,303.3,311.8,1315,62.0,42,1,Heat Dissipation Failure,-1
4841,L52020,L,303.4,311.9,1298,63.9,59,1,Heat Dissipation Failure,-1
4844,L52023,L,303.3,311.8,1842,24.5,67,0,No Failure,-1
4851,L52030,L,303.5,312.0,1441,56.8,88,0,No Failure,-1
4861,M19720,M,303.6,312.4,1504,49.5,109,0,No Failure,-1
4862,L52041,L,303.5,312.3,1946,21.1,112,0,No Failure,-1
4864,M19723,M,303.6,312.3,1915,22.3,116,0,No Failure,-1
4867,L52046,L,303.6,312.4,1781,28.7,124,0,No Failure,-1
4873,L52052,L,303.7,312.4,1316,59.3,137,0,No Failure,-1
4893,L52072,L,303.7,312.3,1922,23.1,193,0,No Failure,-1
4899,H34312,H,303.6,312.4,1460,53.7,214,0,No Failure,-1
4900,L52079,L,303.6,312.3,2168,17.7,219,0,No Failure,-1
4901,L52080,L,303.6,312.4,1388,41.9,221,0,No Failure,-1
4904,L52083,L,303.6,312.4,2232,16.8,0,0,No Failure,-1
4906,L52085,L,303.6,312.4,1363,53.1,7,0,No Failure,-1
4917,H34330,H,303.4,312.3,1769,27.9,40,0,No Failure,-1
4921,L52100,L,303.4,312.2,1337,69.4,52,1,Power Failure,-1
4922,L52101,L,303.4,312.3,1287,54.8,54,0,No Failure,-1
4924,M19783,M,303.4,312.2,1972,23.5,59,0,No Failure,-1
4937,L52116,L,303.5,312.4,1284,70.6,94,1,Power Failure,-1
4940,L52119,L,303.6,312.5,1286,62.4,101,0,No Failure,-1
4951,M19810,M,303.8,312.7,1919,20.2,131,0,No Failure,-1
4957,M19816,M,303.8,312.5,2344,15.2,146,0,No Failure,-1
4961,L52140,L,303.9,312.7,1339,62.3,156,0,No Failure,-1
4977,L52156,L,303.7,312.7,1359,56.8,194,1,Overstrain Failure,-1
4984,L52163,L,303.8,313.1,1869,25.8,211,0,No Failure,-1
4985,L52164,L,303.8,313.1,1256,58.7,213,1,Overstrain Failure,-1
4986,M19845,M,303.8,313.0,1789,23.5,215,0,No Failure,-1
4988,M19847,M,303.7,313.0,1303,54.4,2,0,No Failure,-1
4989,L52168,L,303.8,313.1,2497,13.0,5,1,Power Failure,-1
4994,L52173,L,303.8,312.9,1819,23.7,16,0,No Failure,-1
4998,M19857,M,303.6,312.8,2659,11.4,26,1,Power Failure,-1
4999,M19858,M,303.6,312.8,1825,25.2,29,0,No Failure,-1
5001,L52180,L,303.7,312.8,1832,23.6,35,0,No Failure,-1
5002,M19861,M,303.6,312.7,2174,17.6,37,0,No Failure,-1
5013,M19872,M,303.8,312.9,1815,27.8,66,0,No Failure,-1
5016,L52195,L,303.9,313.0,1759,28.4,74,0,No Failure,-1
5022,L52201,L,304.0,313.0,1350,61.1,88,0,No Failure,-1
5028,L52207,L,304.0,313.3,1294,54.6,102,0,No Failure,-1
5034,L52213,L,304.0,313.1,1564,50.9,119,0,No Failure,-1
5049,H34462,H,304.0,313.2,1271,68.6,161,1,Power Failure,-1
5062,L52241,L,304.0,312.9,1363,62.5,200,1,Overstrain Failure,-1
5063,L52242,L,304.0,312.9,1313,53.9,202,0,No Failure,-1
5064,H34477,H,304.0,312.9,1495,46.6,0,0,No Failure,-1
5078,L52257,L,304.3,313.3,1775,24.9,39,0,No Failure,-1
5080,M19939,M,304.2,313.4,1411,54.8,44,0,No Failure,-1
5083,H34496,H,304.1,313.2,1590,43.4,52,0,No Failure,-1
5084,L52263,L,304.1,313.1,1327,54.1,57,0,No Failure,-1
5085,L52264,L,304.1,313.1,1969,20.8,59,0,No Failure,-1
5086,M19945,M,304.0,313.0,1377,56.0,61,0,No Failure,-1
5088,M19947,M,304.0,313.0,1685,28.2,66,0,No Failure,-1
5106,L52285,L,304.1,313.4,1374,56.6,115,0,No Failure,-1
5111,M19970,M,304.0,313.5,1732,26.2,126,0,No Failure,-1
5116,M19975,M,304.2,313.7,2113,18.4,139,0,No Failure,-1
5117,L52296,L,304.2,313.8,1401,53.9,142,0,No Failure,-1
5127,L52306,L,304.3,313.5,1802,25.4,170,0,No Failure,-1
5128,M19987,M,304.3,313.5,2245,15.1,172,0,No Failure,-1
5136,L52315,L,304.1,313.3,1883,24.5,190,0,No Failure,-1
5137,L52316,L,304.2,313.4,1735,28.9,192,0,No Failure,-1
5139,M19998,M,304.3,313.6,1489,40.3,196,0,No Failure,-1
5141,M20000,M,304.3,313.6,1585,32.1,202,0,No Failure,-1
5142,L52321,L,304.4,313.7,1509,35.0,205,1,Tool Wear Failure,-1
5145,L52324,L,304.4,313.7,1607,33.5,5,0,No Failure,-1
5146,L52325,L,304.5,313.7,1670,32.9,7,0,No Failure,-1
5152,L52331,L,304.3,313.6,1409,56.0,19,0,No Failure,-1
5153,L52332,L,304.3,313.5,2643,12.7,21,0,No Failure,-1
5156,H34569,H,304.2,313.3,1625,37.3,27,0,No Failure,-1
5162,M20021,M,304.1,313.2,2028,18.9,45,0,No Failure,-1
5164,M20023,M,304.2,313.4,1713,23.5,50,0,No Failure,-1
5165,M20024,M,304.3,313.4,1624,32.1,53,0,No Failure,-1
5169,H34582,H,304.1,313.4,1696,29.6,65,0,No Failure,-1
5172,M20031,M,304.2,313.4,1329,54.5,75,0,No Failure,-1
5173,L52352,L,304.2,313.4,1740,28.2,78,0,No Failure,-1
5174,M20033,M,304.2,313.5,1739,28.1,80,0,No Failure,-1
5176,L52355,L,304.2,313.4,1740,23.7,86,0,No Failure,-1
5177,M20036,M,304.0,313.3,1844,27.1,88,0,No Failure,-1
5184,M20043,M,303.9,313.0,1901,22.5,110,0,No Failure,-1
5186,L52365,L,304.0,313.0,2012,21.1,115,0,No Failure,-1
5187,L52366,L,304.0,313.0,2354,15.0,117,0,No Failure,-1
5193,L52372,L,303.9,313.1,1310,62.9,130,0,No Failure,-1
5201,L52380,L,303.8,312.8,1416,58.7,156,0,No Failure,-1
5205,L52384,L,303.7,312.7,1989,22.4,166,0,No Failure,-1
5212,L52391,L,303.7,312.5,1433,53.6,185,0,No Failure,-1
5220,L52399,L,303.8,313.0,1365,59.9,205,1,Overstrain Failure,-1
5226,M20085,M,304.0,313.2,1437,53.9,7,0,No Failure,-1
5229,M20088,M,303.9,313.1,1343,61.4,14,0,No Failure,-1
5230,H34643,H,303.9,313.1,1790,26.7,17,0,No Failure,-1
5231,M20090,M,303.8,313.1,2117,18.6,22,0,No Failure,-1
5233,L52412,L,303.6,312.9,1381,57.8,27,0,No Failure,-1
5240,L52419,L,303.7,313.0,1753,29.0,42,0,No Failure,-1
5241,L52420,L,303.7,313.0,1694,28.0,44,0,No Failure,-1
5242,L52421,L,303.7,313.1,1683,28.4,46,0,No Failure,-1
5244,L52423,L,303.7,313.1,1721,34.8,50,0,No Failure,-1
5249,M20108,M,303.5,313.0,1902,21.6,60,0,No Failure,-1
5252,M20111,M,303.4,312.9,1307,54.3,68,0,No Failure,-1
5253,L52432,L,303.5,313.0,1322,59.5,71,0,No Failure,-1
5255,L52434,L,303.5,313.1,1897,23.6,75,0,No Failure,-1
5264,L52443,L,303.5,312.8,1877,22.3,96,0,No Failure,-1
5266,M20125,M,303.5,312.9,1883,23.3,100,0,No Failure,-1
5271,L52450,L,303.5,312.9,1275,64.4,113,0,No Failure,-1
5299,M20158,M,303.7,313.1,2130,18.1,185,0,No Failure,-1
5301,M20160,M,303.8,313.2,1710,26.5,190,0,No Failure,-1
5302,L52481,L,303.8,313.1,1309,55.8,193,0,No Failure,-1
5313,L52492,L,303.6,312.9,1873,23.5,7,0,No Failure,-1
5322,M20181,M,303.4,312.7,1576,49.9,28,0,No Failure,-1
5323,M20182,M,303.4,312.7,1357,55.3,31,0,No Failure,-1
5325,M20184,M,303.4,312.8,1526,30.8,37,0,No Failure,-1
5328,M20187,M,303.5,312.7,2116,16.7,45,0,No Failure,-1
5335,M20194,M,303.4,312.6,2706,9.8,65,1,Power Failure,-1
5348,L52527,L,303.3,312.7,1262,63.8,100,0,No Failure,-1
5358,L52537,L,303.3,312.5,1968,20.6,130,0,No Failure,-1
5359,H34772,H,303.3,312.6,1827,24.2,132,0,No Failure,-1
5363,L52542,L,303.2,312.6,1281,57.0,144,0,No Failure,-1
5377,H34790,H,302.8,312.3,1336,57.5,187,0,No Failure,-1
5378,L52557,L,302.9,312.4,2030,19.1,192,0,No Failure,-1
5382,L52561,L,302.8,312.4,1651,27.0,200,0,No Failure,-1
5390,L52569,L,302.8,312.3,1366,49.1,221,0,No Failure,-1
5395,M20254,M,302.8,312.3,1262,70.5,234,1,Power Failure,-1
5397,L52576,L,302.8,312.4,1523,39.7,239,0,No Failure,-1
5398,M20257,M,302.8,312.3,1416,42.7,241,0,No Failure,-1
5399,L52578,L,302.9,312.4,1923,23.9,244,0,No Failure,-1
5400,H34813,H,302.8,312.4,1411,53.8,246,1,Overstrain Failure,-1
5401,L52580,L,302.7,312.4,1477,46.3,251,1,Overstrain Failure,-1
5402,M20261,M,302.6,312.3,1454,54.8,253,1,Tool Wear Failure,-1
5404,L52583,L,302.7,312.3,1858,25.4,2,0,No Failure,-1
5408,L52587,L,302.7,312.4,1954,24.8,13,0,No Failure,-1
5413,L52592,L,302.9,312.6,1328,59.9,24,0,No Failure,-1
5420,L52599,L,302.6,312.3,1321,53.4,42,0,No Failure,-1
5426,L52605,L,302.5,312.2,1775,27.9,56,0,No Failure,-1
5445,L52624,L,303.0,312.7,2024,19.9,102,0,No Failure,-1
5450,L52629,L,303.1,312.8,2329,15.1,113,0,No Failure,-1
5456,M20315,M,303.1,312.6,1895,23.5,129,0,No Failure,-1
5463,L52642,L,302.9,312.3,1889,22.8,148,0,No Failure,-1
5472,L52651,L,302.7,312.3,1346,61.2,170,0,Random Failures,-1
5473,L52652,L,302.8,312.3,1386,57.8,172,0,No Failure,-1
5484,M20343,M,302.6,312.1,2000,21.9,200,0,No Failure,-1
5488,M20347,M,302.6,312.1,1611,39.9,210,0,No Failure,-1
5491,L52670,L,302.6,312.1,1288,68.5,0,1,Power Failure,-1
5492,M20351,M,302.7,312.2,1350,58.6,2,0,No Failure,-1
5494,L52673,L,302.8,312.4,1376,57.1,8,0,No Failure,-1
5496,H34909,H,302.9,312.5,1357,55.0,12,0,Random Failures,-1
5497,M20356,M,302.9,312.5,1924,24.0,17,0,No Failure,-1
5499,M20358,M,302.9,312.5,1903,21.2,23,0,No Failure,-1
5512,L52691,L,302.8,312.1,1958,20.3,56,0,No Failure,-1
5515,L52694,L,302.7,312.0,1828,24.0,63,0,No Failure,-1
5519,M20378,M,302.5,311.8,2023,19.1,74,0,No Failure,-1
5539,M20398,M,302.3,311.8,1879,23.0,124,0,No Failure,-1
5544,L52723,L,302.4,311.8,1255,59.0,138,0,No Failure,-1
5548,M20407,M,302.3,311.7,1540,28.9,149,0,No Failure,-1
5554,L52733,L,302.5,311.9,1306,59.7,172,0,Random Failures,-1
5568,M20427,M,302.5,312.0,1445,54.8,0,0,No Failure,-1
5583,L52762,L,302.5,312.0,2052,18.9,40,0,No Failure,-1
5590,M20449,M,302.5,311.9,1298,57.5,57,0,No Failure,-1
5591,M20450,M,302.5,311.9,1340,59.4,60,0,No Failure,-1
5596,M20455,M,302.7,312.0,1944,21.4,71,0,No Failure,-1
5603,L52782,L,302.9,312.1,1334,54.7,88,0,No Failure,-1
5604,L52783,L,302.9,312.2,1340,57.8,90,0,No Failure,-1
5607,L52786,L,302.9,312.2,1729,23.6,96,0,No Failure,-1
5608,M20467,M,302.9,312.2,1745,25.5,98,0,No Failure,-1
5616,M20475,M,303.0,312.2,1257,71.3,122,1,Power Failure,-1
5618,L52797,L,303.1,312.4,1404,61.5,127,1,Power Failure,-1
5620,L52799,L,303.0,312.3,1932,21.9,132,0,No Failure,-1
5640,L52819,L,302.6,312.1,1668,28.7,180,0,Random Failures,-1
5648,H35061,H,302.5,311.8,2370,14.7,198,0,No Failure,-1
5668,L52847,L,302.2,311.4,2080,19.2,31,0,No Failure,-1
5678,L52857,L,302.3,311.8,1281,51.7,61,0,No Failure,-1
5688,L52867,L,302.3,311.7,2170,18.2,91,0,No Failure,-1
5699,L52878,L,302.5,311.9,1265,59.8,119,0,No Failure,-1
5700,L52879,L,302.4,311.9,1867,25.9,121,0,No Failure,-1
5707,L52886,L,302.4,311.9,1290,70.0,139,1,Power Failure,-1
5732,L52911,L,302.2,311.6,1872,20.4,202,0,No Failure,-1
5735,L52914,L,302.3,311.8,1369,56.2,208,1,Overstrain Failure,-1
5739,L52918,L,302.3,311.7,1281,48.8,0,0,No Failure,-1
5746,L52925,L,302.1,311.5,1987,20.1,21,0,No Failure,-1
5750,H35163,H,302.2,311.8,1330,62.4,31,0,No Failure,-1
5751,L52930,L,302.2,311.8,1981,21.8,36,0,No Failure,-1
5776,L52955,L,301.6,311.1,1907,21.5,102,0,No Failure,-1
5822,L53001,L,301.3,311.1,1303,49.2,212,0,No Failure,-1
5849,L53028,L,301.4,311.3,2323,15.9,50,0,No Failure,-1
5870,L53049,L,301.5,311.1,2076,18.7,103,0,No Failure,-1
5871,L53050,L,301.5,311.1,2055,16.8,105,0,No Failure,-1
5882,L53061,L,301.4,311.1,1952,22.7,131,0,No Failure,-1
5890,M20749,M,301.4,311.0,1234,55.8,152,0,No Failure,-1
5899,L53078,L,301.0,310.7,1300,57.2,174,0,No Failure,-1
5910,H35323,H,300.7,310.2,1364,65.3,208,1,Power Failure,-1
5912,M20771,M,300.8,310.4,1288,64.0,3,0,No Failure,-1
5940,L53119,L,300.5,310.5,1409,60.9,73,0,No Failure,-1
5949,L53128,L,300.7,310.8,2113,18.5,95,0,No Failure,-1
5989,H35402,H,300.7,310.8,1296,58.2,204,0,No Failure,-1
5996,L53175,L,300.6,310.3,1920,22.3,223,0,No Failure,-1
6000,M20859,M,300.4,310.2,1671,30.5,234,1,Tool Wear Failure,-1
6007,M20866,M,300.6,310.5,2156,18.0,16,0,No Failure,-1
6025,L53204,L,300.7,310.9,1356,65.3,66,1,Power Failure,-1
6053,L53232,L,300.9,311.0,2003,20.2,138,0,No Failure,-1
6060,L53239,L,300.9,311.0,2235,15.8,156,0,No Failure,-1
6069,M20928,M,301.0,310.9,2047,17.9,178,0,No Failure,-1
6113,L53292,L,300.7,310.8,1925,22.0,74,0,No Failure,-1
6119,M20978,M,300.9,311.1,1325,61.4,88,0,No Failure,-1
6126,L53305,L,300.9,310.9,1995,20.2,105,0,No Failure,-1
6128,L53307,L,300.9,310.9,1228,66.4,109,0,No Failure,-1
6138,M20997,M,300.9,310.8,1988,19.7,136,0,No Failure,-1
6148,M21007,M,301.1,311.1,2089,19.8,162,0,No Failure,-1
6154,L53333,L,301.0,311.1,1236,64.4,177,1,Overstrain Failure,-1
6179,L53358,L,301.1,310.9,1282,67.9,10,1,Power Failure,-1
6227,H35640,H,301.3,311.0,1341,59.3,134,0,No Failure,-1
6230,L53409,L,301.3,310.9,2165,17.4,143,0,No Failure,-1
6244,L53423,L,301.0,310.4,2204,16.6,175,0,No Failure,-1
6249,L53428,L,300.8,310.1,1405,61.2,189,1,Power Failure,-1
6271,L53450,L,300.9,310.4,2021,18.8,30,0,No Failure,-1
6277,L53456,L,301.2,310.8,1233,64.6,45,0,No Failure,-1
6290,L53469,L,301.0,310.5,1248,61.4,77,0,No Failure,-1
6291,L53470,L,301.0,310.5,1932,21.7,79,0,No Failure,-1
6311,L53490,L,300.9,310.1,2090,17.8,133,0,No Failure,-1
6322,L53501,L,300.7,310.2,1286,64.9,160,0,No Failure,-1
6333,M21192,M,300.5,309.9,1994,19.8,189,0,No Failure,-1
6347,L53526,L,300.2,309.7,1275,60.7,15,0,No Failure,-1
6366,M21225,M,299.9,309.5,1412,57.9,59,0,No Failure,-1
6367,M21226,M,299.9,309.5,2065,18.1,62,0,No Failure,-1
6405,M21264,M,300.2,309.7,1183,61.4,170,0,No Failure,-1
6406,L53585,L,300.1,309.7,2151,17.5,173,0,No Failure,-1
6432,L53611,L,300.2,309.8,1353,59.4,26,0,No Failure,-1
6438,L53617,L,300.4,310.0,1282,66.1,40,0,No Failure,-1
6445,M21304,M,300.8,310.3,1270,61.0,54,0,No Failure,-1
6459,M21318,M,300.6,310.0,1302,62.9,87,0,No Failure,-1
6464,H35877,H,300.5,310.0,1358,60.4,102,0,No Failure,-1
6478,L53657,L,300.5,309.7,1841,24.6,143,0,No Failure,-1
6485,H35898,H,300.6,309.8,1913,22.5,157,0,No Failure,-1
6487,L53666,L,300.5,309.8,1939,21.4,164,0,No Failure,-1
6497,L53676,L,300.7,309.9,1815,27.0,190,0,No Failure,-1
6498,L53677,L,300.8,309.9,1312,65.3,192,1,Overstrain Failure,-1
6499,H35912,H,300.8,309.9,2041,19.2,194,0,No Failure,-1
6503,L53682,L,300.9,310.0,2595,13.7,207,0,No Failure,-1
6509,H35922,H,301.0,310.1,1756,30.7,2,0,No Failure,-1
6511,L53690,L,301.1,310.2,1455,55.3,9,0,No Failure,-1
6512,M21371,M,301.2,310.1,2280,15.7,11,0,No Failure,-1
6519,H35932,H,301.0,310.0,1212,67.9,30,0,No Failure,-1
6526,L53705,L,301.1,310.4,1312,73.6,49,1,Power Failure,-1
6561,L53740,L,301.6,310.8,1961,21.8,148,0,No Failure,-1
6564,L53743,L,301.5,310.7,1942,20.5,155,0,No Failure,-1
6592,L53771,L,301.7,310.7,2023,20.9,5,0,No Failure,-1
6595,L53774,L,301.6,310.6,2103,19.7,12,0,No Failure,-1
6613,L53792,L,301.6,310.6,1222,70.0,62,0,No Failure,-1
6644,M21503,M,301.5,310.5,1308,60.5,139,0,No Failure,-1
6655,L53834,L,301.4,310.3,2203,16.6,169,0,No Failure,-1
6663,M21522,M,301.3,310.4,2093,18.7,190,0,No Failure,-1
6671,L53850,L,301.5,310.6,1998,20.2,210,0,No Failure,-1
6676,L53855,L,301.5,310.6,1579,28.0,220,0,No Failure,-1
6679,M21538,M,301.5,310.7,1336,65.6,0,1,Power Failure,-1
6695,M21554,M,301.7,310.9,1300,62.7,36,0,No Failure,-1
6719,L53898,L,301.4,310.6,2137,18.0,99,0,No Failure,-1
6745,M21604,M,301.7,311.0,1298,58.1,168,0,No Failure,-1
6749,H36162,H,301.7,311.0,2016,19.3,180,0,No Failure,-1
6783,L53962,L,301.3,310.8,1531,53.4,57,0,No Failure,-1
6791,M21650,M,301.1,310.7,2219,16.7,79,0,No Failure,-1
6800,M21659,M,301.1,310.7,2636,12.2,100,1,Power Failure,-1
6824,M21683,M,300.9,310.7,1268,56.3,161,0,No Failure,-1
6832,L54011,L,301.1,311.0,1565,52.3,183,0,No Failure,-1
6845,M21704,M,301.3,311.4,1838,23.2,215,0,No Failure,-1
6862,H36275,H,301.1,311.3,2207,16.6,43,0,No Failure,-1
6865,L54044,L,301.1,311.3,1268,60.0,53,0,No Failure,-1
6880,H36293,H,300.8,311.2,2237,17.0,95,0,No Failure,-1
6883,L54062,L,300.9,311.4,2073,21.4,105,0,No Failure,-1
6884,L54063,L,300.9,311.3,1953,19.4,107,0,No Failure,-1
6898,L54077,L,301.0,311.6,1352,63.5,143,0,No Failure,-1
6926,M21785,M,301.1,311.6,1266,55.5,210,0,No Failure,-1
6929,L54108,L,301.1,311.7,1816,24.5,7,0,No Failure,-1
6933,L54112,L,300.8,311.4,1322,67.2,18,1,Power Failure,-1
6964,H36377,H,300.7,311.0,1981,19.9,99,0,No Failure,-1
6967,L54146,L,300.7,311.0,1969,20.7,109,0,No Failure,-1
6978,L54157,L,300.7,311.1,2377,14.3,135,0,No Failure,-1
6988,L54167,L,300.7,311.1,2437,13.8,163,0,No Failure,-1
6991,L54170,L,300.7,311.1,2478,13.4,170,1,Power Failure,-1
7005,L54184,L,300.5,310.6,1950,20.3,208,0,No Failure,-1
7012,L54191,L,300.5,310.5,2633,12.2,17,1,Power Failure,-1
7013,L54192,L,300.4,310.4,1298,61.4,19,0,No Failure,-1
7025,L54204,L,300.6,310.6,2127,18.7,53,0,No Failure,-1
7037,L54216,L,300.7,310.6,1540,52.7,85,0,No Failure,-1
7044,M21903,M,300.7,310.6,2006,19.1,102,0,No Failure,-1
7047,M21906,M,300.7,310.5,1863,22.2,111,0,No Failure,-1
7049,L54228,L,300.6,310.4,2007,19.8,116,0,No Failure,-1
7064,L54243,L,300.7,310.4,1234,51.7,160,0,No Failure,-1
7071,L54250,L,300.7,310.7,1333,61.0,177,0,No Failure,-1
7077,L54256,L,300.7,310.5,1960,21.0,194,0,No Failure,-1
7084,L54263,L,300.7,310.4,1416,61.8,209,1,Power Failure,-1
7085,L54264,L,300.6,310.3,1794,24.4,211,0,No Failure,-1
7087,L54266,L,300.6,310.4,2514,13.4,215,0,No Failure,-1
7098,M21957,M,300.6,310.2,1233,52.3,23,0,No Failure,-1
7121,L54300,L,300.9,310.5,2288,16.1,85,0,No Failure,-1
7126,L54305,L,300.7,310.1,1261,56.6,98,0,No Failure,-1
7137,M21996,M,300.5,309.9,1343,63.7,124,0,No Failure,-1
7152,H36565,H,300.2,309.9,1906,22.9,165,0,No Failure,-1
7168,L54347,L,300.3,310.3,1362,60.3,206,1,Overstrain Failure,-1
7183,L54362,L,300.3,310.3,2158,16.8,32,0,No Failure,-1
7194,L54373,L,300.1,310.1,1306,64.7,57,0,No Failure,-1
7203,L54382,L,300.0,309.7,1326,61.9,80,0,No Failure,-1
7223,M22082,M,299.8,309.7,1320,61.7,134,0,No Failure,-1
7226,M22085,M,299.8,309.7,1910,21.8,141,0,No Failure,-1
7245,L54424,L,300.0,310.2,1760,26.9,193,0,No Failure,-1
7261,L54440,L,300.4,310.5,2424,14.5,12,0,No Failure,-1
7273,L54452,L,300.2,310.3,1202,59.5,40,0,No Failure,-1
7281,L54460,L,299.9,310.2,1288,69.6,62,1,Power Failure,-1
7284,M22143,M,300.0,310.2,1443,58.7,68,0,No Failure,-1
7285,M22144,M,300.1,310.3,1345,57.1,71,0,No Failure,-1
7286,M22145,M,300.2,310.4,1202,61.7,74,0,No Failure,-1
7289,M22148,M,300.2,310.6,1983,20.8,83,0,No Failure,-1
7296,M22155,M,300.1,310.5,1329,57.4,99,0,No Failure,-1
7297,H36710,H,300.0,310.4,1881,21.9,102,0,No Failure,-1
7306,M22165,M,300.0,310.5,1790,25.7,123,0,No Failure,-1
7315,L54494,L,299.9,310.3,1268,53.3,146,0,No Failure,-1
7322,L54501,L,299.8,310.2,1911,23.5,166,0,No Failure,-1
7325,M22184,M,299.9,310.4,1820,26.6,175,0,No Failure,-1
7333,M22192,M,299.8,310.3,1805,23.7,198,0,No Failure,-1
7346,L54525,L,299.6,310.2,1381,60.5,13,0,No Failure,-1
7366,L54545,L,299.6,310.1,2057,20.4,60,0,No Failure,-1
7368,M22227,M,299.5,310.1,1359,61.1,67,0,No Failure,-1
7410,L54589,L,299.8,310.9,2084,17.6,175,0,No Failure,-1
7429,M22288,M,300.0,311.4,1864,23.3,2,0,No Failure,-1
7432,M22291,M,300.0,311.4,1352,61.8,10,0,No Failure,-1
7474,M22333,M,300.3,311.6,1304,62.8,118,0,No Failure,-1
7475,L54654,L,300.3,311.7,1989,22.3,121,0,No Failure,-1
7510,L54689,L,300.6,311.9,1372,60.1,212,1,Overstrain Failure,-1
7514,L54693,L,300.4,311.8,2261,14.9,5,0,No Failure,-1
7520,L54699,L,300.2,311.6,1999,21.0,19,0,No Failure,-1
7537,L54716,L,300.1,311.3,2579,12.5,64,1,Power Failure,-1
7538,L54717,L,300.1,311.3,1305,64.7,66,0,No Failure,-1
7546,L54725,L,300.2,311.4,1891,22.6,86,0,No Failure,-1
7565,M22424,M,300.3,311.2,1381,65.2,136,1,Power Failure,-1
7568,M22427,M,300.2,311.0,2370,14.7,144,0,No Failure,-1
7570,L54749,L,300.2,311.0,1255,71.8,149,1,Power Failure,-1
7589,L54768,L,300.4,311.1,2013,20.1,195,0,No Failure,-1
7592,M22451,M,300.5,311.1,1296,61.3,202,1,Overstrain Failure,-1
7594,L54773,L,300.5,311.2,1270,67.5,208,1,Overstrain Failure,-1
7598,L54777,L,300.5,311.0,2074,18.9,9,0,No Failure,-1
7602,L54781,L,300.4,311.2,1351,62.0,18,0,No Failure,-1
7606,H37019,H,300.4,311.3,2026,20.3,26,0,No Failure,-1
7630,M22489,M,300.5,311.7,1269,64.0,87,0,No Failure,-1
7647,L54826,L,300.4,311.4,1936,23.9,131,0,No Failure,-1
7673,M22532,M,300.5,311.7,2141,17.2,196,0,No Failure,-1
7688,M22547,M,300.7,311.7,2097,18.9,232,1,Tool Wear Failure,-1
7694,L54873,L,300.6,311.6,1964,21.4,15,0,No Failure,-1
7697,H37110,H,300.6,311.5,1282,60.2,24,0,No Failure,-1
7701,M22560,M,300.7,311.6,1348,62.5,36,0,No Failure,-1
7714,M22573,M,300.5,311.4,2072,18.8,75,0,No Failure,-1
7738,M22597,M,300.5,312.0,1985,19.3,143,0,No Failure,-1
7739,M22598,M,300.5,312.0,1263,60.8,146,0,No Failure,-1
7753,M22612,M,300.4,311.7,1832,24.2,179,0,No Failure,-1
7760,L54939,L,300.4,311.8,1272,59.2,198,1,Overstrain Failure,-1
7764,L54943,L,300.4,311.6,1200,76.6,3,1,Power Failure,-1
7769,M22628,M,300.2,311.4,1960,20.9,20,0,No Failure,-1
7785,L54964,L,300.3,311.5,1403,60.1,58,0,No Failure,-1
7811,L54990,L,300.1,311.5,2218,17.0,123,0,No Failure,-1
7815,L54994,L,300.0,311.4,1927,24.6,132,0,No Failure,-1
7819,L54998,L,299.8,311.2,2142,16.6,144,0,No Failure,-1
7827,L55006,L,299.8,311.1,1300,64.2,165,0,No Failure,-1
7846,L55025,L,300.2,311.8,1798,23.2,210,0,No Failure,-1
7871,M22730,M,300.6,312.1,1293,52.3,49,0,No Failure,-1
7876,L55055,L,300.7,312.3,1898,24.0,60,0,No Failure,-1
7883,H37296,H,300.7,312.3,1670,27.3,81,0,No Failure,-1
7885,L55064,L,300.8,312.4,1465,59.1,91,1,Power Failure,-1
7887,M22746,M,300.6,312.2,2174,18.5,95,0,No Failure,-1
7890,M22749,M,300.7,312.4,1371,61.7,102,0,No Failure,-1
7891,L55070,L,300.8,312.4,1767,25.6,105,0,No Failure,-1
7897,L55076,L,300.8,312.6,1376,53.6,119,0,No Failure,-1
7900,L55079,L,300.9,312.4,1364,52.5,125,0,No Failure,-1
7901,L55080,L,300.8,312.4,1825,23.8,127,0,No Failure,-1
7905,M22764,M,300.8,312.4,1811,25.1,136,0,No Failure,-1
7907,L55086,L,300.9,312.4,1372,51.0,142,0,No Failure,-1
7908,L55087,L,300.8,312.3,1858,26.3,144,0,No Failure,-1
7934,L55113,L,300.8,311.8,1928,21.8,209,0,No Failure,-1
7958,H37371,H,300.9,311.9,2140,16.5,43,0,No Failure,-1
7962,L55141,L,301.0,312.2,1264,59.0,57,0,No Failure,-1
7969,L55148,L,300.9,312.2,1811,23.2,72,0,No Failure,-1
7971,M22830,M,300.9,312.1,1297,48.6,76,0,No Failure,-1
7973,L55152,L,301.1,312.2,1397,54.9,81,0,No Failure,-1
7974,L55153,L,301.1,312.3,1682,29.7,83,0,No Failure,-1
7978,L55157,L,301.2,312.4,1378,59.0,95,0,No Failure,-1
7979,L55158,L,301.2,312.4,1480,53.5,97,0,No Failure,-1
7980,M22839,M,301.2,312.4,1428,36.6,99,0,No Failure,-1
7991,M22850,M,301.1,312.4,1809,25.1,126,0,No Failure,-1
7993,M22852,M,301.1,312.3,1852,25.9,131,0,No Failure,-1
7996,L55175,L,301.0,312.2,1776,28.8,138,0,No Failure,-1
7998,M22857,M,301.0,312.2,2710,9.7,143,1,Power Failure,-1
7999,L55178,L,300.9,312.1,1359,51.7,146,0,No Failure,-1
8001,M22860,M,300.8,312.0,1443,53.3,151,0,No Failure,-1
8003,M22862,M,300.9,312.1,1851,23.0,156,0,No Failure,-1
8004,M22863,M,300.8,312.0,1274,67.3,159,0,No Failure,-1
8010,H37423,H,300.9,312.0,2129,17.8,173,0,No Failure,-1
8019,L55198,L,301.0,311.9,1889,23.5,198,0,No Failure,-1
8036,L55215,L,300.7,311.7,1910,19.7,13,0,No Failure,-1
8054,L55233,L,300.5,311.9,1887,21.7,56,0,No Failure,-1
8067,L55246,L,300.4,311.9,1868,21.3,92,0,No Failure,-1
8070,M22929,M,300.5,311.9,1875,22.1,100,0,No Failure,-1
8071,M22930,M,300.5,312.0,1867,23.0,103,0,No Failure,-1
8091,L55270,L,300.1,311.4,1910,23.0,153,0,No Failure,-1
8111,H37524,H,300.3,311.8,2141,18.5,204,0,No Failure,-1
8115,H37528,H,300.4,311.8,2496,13.5,5,0,No Failure,-1
8117,L55296,L,300.3,311.8,2004,19.6,12,0,No Failure,-1
8141,L55320,L,299.6,310.9,1658,28.0,76,0,No Failure,-1
8147,L55326,L,299.6,310.9,1533,31.8,91,0,No Failure,-1
8156,L55335,L,299.5,310.8,1283,52.4,112,0,No Failure,-1
8182,L55361,L,299.7,311.2,1835,23.7,183,0,No Failure,-1
8185,L55364,L,299.8,311.1,2144,17.7,190,0,No Failure,-1
8190,L55369,L,299.7,311.0,1983,21.0,201,0,No Failure,-1
8193,L55372,L,299.6,310.9,1229,65.2,209,1,Overstrain Failure,-1
8194,L55373,L,299.5,310.8,1873,22.3,211,0,No Failure,-1
8199,M23058,M,299.3,310.7,1374,48.9,222,0,No Failure,-1
8200,L55379,L,299.2,310.7,1737,27.0,225,1,Tool Wear Failure,-1
8202,M23061,M,299.3,310.9,1826,25.1,2,0,No Failure,-1
8217,L55396,L,299.2,310.6,1370,61.9,42,0,No Failure,-1
8227,L55406,L,299.1,310.5,1389,61.4,64,0,No Failure,-1
8228,M23087,M,299.1,310.4,1524,51.4,66,0,No Failure,-1
8242,M23101,M,298.9,310.2,2099,20.0,98,0,No Failure,-1
8246,M23105,M,299.0,310.3,1303,68.6,111,1,Power Failure,-1
8252,L55431,L,299.0,310.4,1981,21.2,125,0,No Failure,-1
8263,L55442,L,299.1,310.6,1921,23.9,158,0,No Failure,-1
8266,H37679,H,299.1,310.6,1791,28.0,168,0,No Failure,-1
8267,L55446,L,299.1,310.6,1818,24.1,173,0,No Failure,-1
8274,M23133,M,299.0,310.6,1787,22.2,192,0,No Failure,-1
8276,M23135,M,298.9,310.6,1720,25.3,197,0,No Failure,-1
8280,L55459,L,298.8,310.6,1803,25.4,209,0,No Failure,-1
8281,L55460,L,298.8,310.6,1602,39.1,211,0,No Failure,-1
8286,L55465,L,298.9,310.6,1387,52.7,2,0,No Failure,-1
8308,M23167,M,298.7,310.1,1402,69.7,64,1,Power Failure,-1
8336,M23195,M,299.0,309.8,2240,15.9,144,0,No Failure,-1
8363,L55542,L,298.6,309.6,1353,62.5,9,0,No Failure,-1
8367,M23226,M,298.9,309.8,1836,22.8,18,0,No Failure,-1
8370,L55549,L,298.8,309.7,1953,20.6,25,0,No Failure,-1
8372,L55551,L,298.7,309.7,1881,21.7,29,0,No Failure,-1
8375,L55554,L,298.8,309.7,1225,63.4,37,0,No Failure,-1
8379,M23238,M,298.8,309.9,1331,61.6,46,0,No Failure,-1
8391,M23250,M,298.8,309.8,1288,61.9,79,0,No Failure,-1
8399,L55578,L,298.5,309.7,2617,12.1,102,1,Power Failure,-1
8419,L55598,L,298.9,310.2,1971,23.2,155,0,No Failure,-1
8423,H37836,H,298.9,310.3,1243,63.0,163,0,No Failure,-1
8429,M23288,M,299.0,310.3,1827,28.0,178,0,No Failure,-1
8438,L55617,L,298.7,309.8,1181,65.9,203,1,Overstrain Failure,-1
8445,M23304,M,298.6,309.9,1818,24.9,9,0,No Failure,-1
8456,L55635,L,298.6,309.9,1356,59.5,34,0,No Failure,-1
8470,M23329,M,298.6,309.7,1280,64.1,71,0,No Failure,-1
8479,M23338,M,298.5,309.7,1354,60.8,96,0,No Failure,-1
8545,H37958,H,298.5,309.4,2011,21.0,59,0,No Failure,-1
8572,L55751,L,297.9,308.6,2262,15.7,125,0,No Failure,-1
8583,M23442,M,297.5,308.1,1334,72.0,151,1,Power Failure,-1
8714,L55893,L,297.2,308.6,1917,24.1,54,0,No Failure,-1
8784,M23643,M,297.6,308.6,1254,45.8,31,0,No Failure,-1
8805,M23664,M,297.5,308.6,1255,60.7,77,0,No Failure,-1
8847,M23706,M,297.4,308.8,1325,62.4,204,1,Tool Wear Failure,-1
8890,M23749,M,297.7,308.8,2089,19.1,111,0,No Failure,-1
8917,L56096,L,297.1,308.2,2267,15.7,181,0,No Failure,-1
8927,M23786,M,297.3,308.3,1459,59.6,207,1,Power Failure,-1
8941,H38354,H,297.3,308.3,1935,19.3,24,0,No Failure,-1
8943,L56122,L,297.3,308.3,2188,17.0,32,0,No Failure,-1
8950,L56129,L,297.4,308.3,1284,60.3,50,0,No Failure,-1
8974,L56153,L,296.8,307.4,1549,48.3,105,0,No Failure,-1
8980,M23839,M,296.9,307.5,1332,51.1,121,0,No Failure,-1
8983,L56162,L,297.0,307.7,1315,60.1,128,0,No Failure,-1
8984,M23843,M,297.0,307.7,1261,51.1,130,0,No Failure,-1
8995,M23854,M,297.1,307.9,1980,20.3,159,0,No Failure,-1
9035,H38448,H,297.4,308.2,1585,46.2,37,0,No Failure,-1
9039,L56218,L,297.3,308.3,2358,14.9,49,0,No Failure,-1
9042,L56221,L,297.3,308.3,1309,61.5,56,0,No Failure,-1
9053,M23912,M,297.4,308.6,1901,22.1,81,0,No Failure,-1
9066,H38479,H,297.2,308.4,2182,17.3,119,0,No Failure,-1
9081,L56260,L,297.2,308.0,1869,25.4,163,0,No Failure,-1
9085,L56264,L,297.2,307.9,1326,75.4,172,1,Power Failure,-1
9090,L56269,L,297.2,307.9,1989,20.3,186,0,No Failure,-1
9100,H38513,H,297.3,308.1,1477,52.3,2,0,No Failure,-1
9165,L56344,L,297.6,308.6,2384,14.4,171,0,No Failure,-1
9166,L56345,L,297.6,308.6,1326,62.4,173,0,No Failure,-1
9170,L56349,L,297.7,308.8,1896,24.5,186,0,No Failure,-1
9175,L56354,L,297.8,308.9,1871,25.6,200,1,Tool Wear Failure,-1
9176,L56355,L,297.8,309.0,1403,64.2,0,1,Power Failure,-1
9192,M24051,M,297.9,309.0,1970,21.6,37,0,No Failure,-1
9211,M24070,M,297.9,309.0,2456,13.9,82,0,No Failure,-1
9230,M24089,M,298.1,309.0,2042,17.8,129,0,No Failure,-1
9243,M24102,M,298.2,308.7,1269,60.9,163,0,No Failure,-1
9247,L56426,L,298.3,308.9,1862,27.0,172,0,No Failure,-1
9258,M24117,M,298.3,309.1,1296,58.7,201,0,No Failure,-1
9272,L56451,L,298.2,308.7,1991,20.5,36,0,No Failure,-1
9329,H38742,H,298.5,309.1,2051,19.0,184,0,No Failure,-1
9333,M24192,M,298.5,309.0,1921,22.0,196,0,No Failure,-1
9351,L56530,L,298.2,308.7,2186,17.8,31,0,No Failure,-1
9360,M24219,M,298.1,308.7,1581,47.4,51,0,No Failure,-1
9387,M24246,M,297.5,308.0,2033,16.7,128,0,No Failure,-1
9390,L56569,L,297.6,308.0,1258,57.4,139,0,No Failure,-1
9392,H38805,H,297.6,308.2,2071,18.5,144,0,No Failure,-1
9405,L56584,L,297.7,308.2,2007,19.3,181,0,No Failure,-1
9407,M24266,M,297.7,308.1,2189,15.6,186,0,No Failure,-1
9420,L56599,L,298.0,308.4,1911,22.0,13,0,No Failure,-1
9445,L56624,L,298.1,308.9,2136,15.9,78,0,No Failure,-1
9456,L56635,L,298.5,309.2,1983,20.2,114,0,No Failure,-1
9529,M24388,M,299.1,310.3,1233,59.0,81,0,No Failure,-1
9537,L56716,L,299.3,310.5,1818,26.0,102,0,No Failure,-1
9541,M24400,M,299.4,310.8,1628,40.2,111,0,No Failure,-1
9562,L56741,L,299.6,310.9,1853,26.3,166,0,No Failure,-1
9570,M24429,M,299.8,311.0,1948,20.0,185,0,No Failure,-1
9577,L56756,L,299.6,310.7,1922,23.3,205,1,Tool Wear Failure,-1
9581,M24440,M,299.5,310.7,1423,56.5,7,0,No Failure,-1
9582,L56761,L,299.4,310.6,1418,53.1,10,0,No Failure,-1
9584,L56763,L,299.3,310.5,1281,59.8,15,0,No Failure,-1
9602,L56781,L,298.9,310.1,2109,18.0,61,0,No Failure,-1
9614,L56793,L,299.0,310.2,1377,62.5,92,1,Power Failure,-1
9622,M24481,M,299.0,310.0,2049,19.5,111,0,No Failure,-1
9623,L56802,L,298.9,310.0,1794,27.2,114,0,No Failure,-1
9630,H39043,H,299.0,310.1,2053,19.7,137,0,No Failure,-1
9640,L56819,L,299.3,310.4,1725,26.8,167,0,No Failure,-1
9660,L56839,L,298.9,309.8,1287,61.9,216,1,Overstrain Failure,-1
9665,L56844,L,299.1,310.2,1317,54.8,231,1,Overstrain Failure,-1
9667,M24526,M,299.1,310.3,1838,24.0,235,0,No Failure,-1
9668,L56847,L,299.2,310.3,1352,48.9,238,1,Overstrain Failure,-1
9671,L56850,L,299.0,310.2,1690,30.7,244,0,No Failure,-1
9676,M24535,M,299.0,310.2,1298,57.2,10,0,No Failure,-1
9677,L56856,L,299.0,310.1,1886,21.2,13,0,No Failure,-1
9678,L56857,L,299.0,310.1,2033,19.3,15,0,No Failure,-1
9681,L56860,L,299.1,310.1,1894,24.2,22,0,No Failure,-1
9690,L56869,L,299.0,310.1,1362,59.5,46,0,No Failure,-1
9711,L56890,L,299.1,310.1,1336,61.3,94,0,No Failure,-1
9715,L56894,L,299.1,310.1,1894,20.1,106,0,No Failure,-1
9725,M24584,M,298.8,309.7,2098,19.0,133,0,No Failure,-1
9733,L56912,L,298.9,310.0,2231,17.4,151,0,No Failure,-1
9759,L56938,L,298.6,309.8,2271,16.2,218,1,Tool Wear Failure,-1
9763,L56942,L,298.6,309.7,1925,22.1,7,0,No Failure,-1
9765,L56944,L,298.5,309.5,1294,66.7,12,1,Power Failure,-1
9803,H39216,H,298.4,309.3,1984,19.2,132,0,No Failure,-1
9807,L56986,L,298.3,309.1,1417,60.5,143,0,No Failure,-1
9823,L57002,L,298.5,309.4,1360,60.9,187,1,Overstrain Failure,-1
9833,L57012,L,298.4,309.2,2118,17.7,210,0,No Failure,-1
9850,L57029,L,298.6,309.4,2312,15.5,44,0,No Failure,-1
9866,M24725,M,298.9,309.8,2450,13.9,89,0,No Failure,-1
9871,H39284,H,299.0,309.9,1884,25.6,100,0,No Failure,-1
9872,M24731,M,298.9,309.8,1947,21.7,105,0,No Failure,-1
9927,M24786,M,298.5,308.6,1897,20.2,50,0,No Failure,-1
9940,H39353,H,298.3,308.1,2636,12.8,84,0,No Failure,-1
9971,H39384,H,298.4,308.1,1891,24.7,158,0,No Failure,-1
9975,L57154,L,298.6,308.2,1361,68.2,172,1,Power Failure,-1
9989,L57168,L,298.9,308.6,1771,24.1,213,0,No Failure,-1
